{"cameraMode":{"drawMode":0,"name":"Shaded","section":"Shading Mode"},"sceneLighting":true,"audioPlay":false,"sceneViewState":{"m_AlwaysRefresh":false,"showFog":true,"showSkybox":true,"showFlares":true,"showImageEffects":true,"showParticleSystems":true,"showVisualEffectGraphs":true,"m_FxEnabled":true},"in2DMode":false,"pivot":{"x":0.0441635325551033,"y":3.130758762359619,"z":-6.424516677856445},"rotation":{"x":0.18376390635967256,"y":0.004416854586452246,"z":-0.0008332722936756909,"w":0.9829993844032288},"size":0.17557959258556367,"orthographic":false}